{"locale":"en-AU","region":"ACT","date":"2019-01-01","description":"New Year's Day","type":"F","notes":""}
{"locale":"en-AU","region":"NSW","date":"2019-01-01","description":"New Year's Day","type":"F","notes":""}
{"locale":"en-AU","region":"NT","date":"2019-01-01","description":"New Year's Day","type":"F","notes":""}
{"locale":"en-AU","region":"QLD","date":"2019-01-01","description":"New Year's Day","type":"F","notes":""}
{"locale":"en-AU","region":"SA","date":"2019-01-01","description":"New Year's Day","type":"F","notes":""}
{"locale":"en-AU","region":"TAS","date":"2019-01-01","description":"New Year's Day","type":"F","notes":""}
{"locale":"en-AU","region":"VIC","date":"2019-01-01","description":"New Year's Day","type":"F","notes":""}
{"locale":"en-AU","region":"WA","date":"2019-01-01","description":"New Year's Day","type":"F","notes":""}
{"locale":"en-AU","region":"ACT","date":"2019-01-28","description":"Australia Day","type":"V","notes":""}
{"locale":"en-AU","region":"NSW","date":"2019-01-28","description":"Australia Day","type":"V","notes":""}
{"locale":"en-AU","region":"NT","date":"2019-01-28","description":"Australia Day","type":"V","notes":""}
{"locale":"en-AU","region":"QLD","date":"2019-01-28","description":"Australia Day","type":"V","notes":""}
{"locale":"en-AU","region":"SA","date":"2019-01-28","description":"Australia Day","type":"V","notes":""}
{"locale":"en-AU","region":"TAS","date":"2019-01-28","description":"Australia Day","type":"V","notes":""}
{"locale":"en-AU","region":"VIC","date":"2019-01-28","description":"Australia Day","type":"V","notes":""}
{"locale":"en-AU","region":"WA","date":"2019-01-28","description":"Australia Day","type":"V","notes":""}
{"locale":"en-AU","region":"TAS","date":"2019-02-11","description":"Royal Hobart Regatta","type":"V","notes":""}
{"locale":"en-AU","region":"WA","date":"2019-03-04","description":"Labour Day","type":"V","notes":""}
{"locale":"en-AU","region":"SA","date":"2019-03-11","description":"Adelaide Cup Day","type":"V","notes":""}
{"locale":"en-AU","region":"ACT","date":"2019-03-11","description":"Canberra Day","type":"V","notes":""}
{"locale":"en-AU","region":"TAS","date":"2019-03-11","description":"Labour Day","type":"V","notes":""}
{"locale":"en-AU","region":"VIC","date":"2019-03-11","description":"Labour Day","type":"V","notes":""}
{"locale":"en-AU","region":"ACT","date":"2019-04-19","description":"Good Friday","type":"RV","notes":""}
{"locale":"en-AU","region":"NSW","date":"2019-04-19","description":"Good Friday","type":"RV","notes":""}
{"locale":"en-AU","region":"NT","date":"2019-04-19","description":"Good Friday","type":"RV","notes":""}
{"locale":"en-AU","region":"QLD","date":"2019-04-19","description":"Good Friday","type":"RV","notes":""}
{"locale":"en-AU","region":"SA","date":"2019-04-19","description":"Good Friday","type":"RV","notes":""}
{"locale":"en-AU","region":"TAS","date":"2019-04-19","description":"Good Friday","type":"RV","notes":""}
{"locale":"en-AU","region":"VIC","date":"2019-04-19","description":"Good Friday","type":"RV","notes":""}
{"locale":"en-AU","region":"WA","date":"2019-04-19","description":"Good Friday","type":"RV","notes":""}
{"locale":"en-AU","region":"ACT","date":"2019-04-20","description":"Easter Saturday","type":"RV","notes":""}
{"locale":"en-AU","region":"NSW","date":"2019-04-20","description":"Easter Saturday","type":"RV","notes":""}
{"locale":"en-AU","region":"NT","date":"2019-04-20","description":"Easter Saturday","type":"RV","notes":""}
{"locale":"en-AU","region":"QLD","date":"2019-04-20","description":"Easter Saturday","type":"RV","notes":""}
{"locale":"en-AU","region":"SA","date":"2019-04-20","description":"Easter Saturday","type":"RV","notes":""}
{"locale":"en-AU","region":"VIC","date":"2019-04-20","description":"Easter Saturday","type":"RV","notes":""}
{"locale":"en-AU","region":"ACT","date":"2019-04-21","description":"Easter","type":"RV","notes":""}
{"locale":"en-AU","region":"NSW","date":"2019-04-21","description":"Easter","type":"RV","notes":""}
{"locale":"en-AU","region":"NT","date":"2019-04-21","description":"Easter","type":"RV","notes":""}
{"locale":"en-AU","region":"QLD","date":"2019-04-21","description":"Easter","type":"RV","notes":""}
{"locale":"en-AU","region":"SA","date":"2019-04-21","description":"Easter","type":"RV","notes":""}
{"locale":"en-AU","region":"VIC","date":"2019-04-21","description":"Easter","type":"RV","notes":""}
{"locale":"en-AU","region":"ACT","date":"2019-04-22","description":"Easter Monday","type":"RV","notes":""}
{"locale":"en-AU","region":"NSW","date":"2019-04-22","description":"Easter Monday","type":"RV","notes":""}
{"locale":"en-AU","region":"NT","date":"2019-04-22","description":"Easter Monday","type":"RV","notes":""}
{"locale":"en-AU","region":"QLD","date":"2019-04-22","description":"Easter Monday","type":"RV","notes":""}
{"locale":"en-AU","region":"SA","date":"2019-04-22","description":"Easter Monday","type":"RV","notes":""}
{"locale":"en-AU","region":"TAS","date":"2019-04-22","description":"Easter Monday","type":"RV","notes":""}
{"locale":"en-AU","region":"VIC","date":"2019-04-22","description":"Easter Monday","type":"RV","notes":""}
{"locale":"en-AU","region":"WA","date":"2019-04-22","description":"Easter Monday","type":"RV","notes":""}
{"locale":"en-AU","region":"ACT","date":"2019-04-25","description":"Anzac Day","type":"V","notes":""}
{"locale":"en-AU","region":"NSW","date":"2019-04-25","description":"Anzac Day","type":"F","notes":""}
{"locale":"en-AU","region":"NT","date":"2019-04-25","description":"Anzac Day","type":"V","notes":""}
{"locale":"en-AU","region":"QLD","date":"2019-04-25","description":"Anzac Day","type":"V","notes":""}
{"locale":"en-AU","region":"SA","date":"2019-04-25","description":"Anzac Day","type":"F","notes":""}
{"locale":"en-AU","region":"TAS","date":"2019-04-25","description":"Anzac Day","type":"F","notes":""}
{"locale":"en-AU","region":"VIC","date":"2019-04-25","description":"Anzac Day","type":"F","notes":""}
{"locale":"en-AU","region":"WA","date":"2019-04-25","description":"Anzac Day","type":"F","notes":""}
{"locale":"en-AU","region":"QLD","date":"2019-05-06","description":"Labour Day","type":"V","notes":""}
{"locale":"en-AU","region":"NT","date":"2019-05-06","description":"May Day","type":"V","notes":""}
{"locale":"en-AU","region":"ACT","date":"2019-05-27","description":"Reconciliation Day","type":"V","notes":""}
{"locale":"en-AU","region":"WA","date":"2019-06-03","description":"Western Australia Day","type":"V","notes":""}
{"locale":"en-AU","region":"ACT","date":"2019-06-10","description":"Queen's Birthday","type":"V","notes":""}
{"locale":"en-AU","region":"NSW","date":"2019-06-10","description":"Queen's Birthday","type":"V","notes":""}
{"locale":"en-AU","region":"TAS","date":"2019-06-10","description":"Queen's Birthday","type":"V","notes":""}
{"locale":"en-AU","region":"VIC","date":"2019-06-10","description":"Queen's Birthday","type":"V","notes":""}
{"locale":"en-AU","region":"ACT","date":"2019-08-05","description":"Bank Holiday","type":"V","notes":""}
{"locale":"en-AU","region":"NT","date":"2019-08-05","description":"Picnic Day","type":"V","notes":""}
{"locale":"en-AU","region":"VIC","date":"2019-09-27","description":"Grand Final Eve","type":"V","notes":""}
{"locale":"en-AU","region":"WA","date":"2019-09-30","description":"Queen's Birthday","type":"V","notes":""}
{"locale":"en-AU","region":"ACT","date":"2019-10-07","description":"Labour Day","type":"V","notes":""}
{"locale":"en-AU","region":"NSW","date":"2019-10-07","description":"Labour Day","type":"V","notes":""}
{"locale":"en-AU","region":"SA","date":"2019-10-07","description":"Labour Day","type":"V","notes":""}
{"locale":"en-AU","region":"QLD","date":"2019-10-07","description":"Queen's Birthday","type":"V","notes":""}
{"locale":"en-AU","region":"VIC","date":"2019-11-05","description":"Melbourne Cup Day","type":"V","notes":""}
{"locale":"en-AU","region":"ACT","date":"2019-12-25","description":"Christmas Day","type":"RF","notes":""}
{"locale":"en-AU","region":"NSW","date":"2019-12-25","description":"Christmas Day","type":"RF","notes":""}
{"locale":"en-AU","region":"NT","date":"2019-12-25","description":"Christmas Day","type":"RF","notes":""}
{"locale":"en-AU","region":"QLD","date":"2019-12-25","description":"Christmas Day","type":"RF","notes":""}
{"locale":"en-AU","region":"SA","date":"2019-12-25","description":"Christmas Day","type":"RF","notes":""}
{"locale":"en-AU","region":"TAS","date":"2019-12-25","description":"Christmas Day","type":"RF","notes":""}
{"locale":"en-AU","region":"VIC","date":"2019-12-25","description":"Christmas Day","type":"RF","notes":""}
{"locale":"en-AU","region":"WA","date":"2019-12-25","description":"Christmas Day","type":"RF","notes":""}
{"locale":"en-AU","region":"ACT","date":"2019-12-26","description":"Boxing Day","type":"RF","notes":""}
{"locale":"en-AU","region":"NSW","date":"2019-12-26","description":"Boxing Day","type":"RF","notes":""}
{"locale":"en-AU","region":"NT","date":"2019-12-26","description":"Boxing Day","type":"RF","notes":""}
{"locale":"en-AU","region":"QLD","date":"2019-12-26","description":"Boxing Day","type":"RF","notes":""}
{"locale":"en-AU","region":"TAS","date":"2019-12-26","description":"Boxing Day","type":"RF","notes":""}
{"locale":"en-AU","region":"VIC","date":"2019-12-26","description":"Boxing Day","type":"RF","notes":""}
{"locale":"en-AU","region":"WA","date":"2019-12-26","description":"Boxing Day","type":"RF","notes":""}
