{"locale":"pl-PL","region":"","date":"2026-01-01","description":"Nowy Rok","type":"NF","notes":""}
{"locale":"pl-PL","region":"","date":"2026-01-06","description":"Trzech Króli","type":"NRF","notes":""}
{"locale":"pl-PL","region":"","date":"2026-04-05","description":"Wielkanoc","type":"NRV","notes":""}
{"locale":"pl-PL","region":"","date":"2026-04-06","description":"Poniedziałek Wielkanocny","type":"NRV","notes":""}
{"locale":"pl-PL","region":"","date":"2026-05-01","description":"Święto Pracy","type":"NF","notes":""}
{"locale":"pl-PL","region":"","date":"2026-05-03","description":"Święto Konstytucji Trzeciego Maja","type":"NF","notes":""}
{"locale":"pl-PL","region":"","date":"2026-05-24","description":"Zielone Świątki","type":"NRV","notes":""}
{"locale":"pl-PL","region":"","date":"2026-06-04","description":"Boże Ciało","type":"NRV","notes":""}
{"locale":"pl-PL","region":"","date":"2026-08-15","description":"Wniebowzięcie Najświętszej Maryi Panny","type":"NRF","notes":""}
{"locale":"pl-PL","region":"","date":"2026-11-01","description":"Wszystkich Świętych","type":"NRF","notes":""}
{"locale":"pl-PL","region":"","date":"2026-11-11","description":"Narodowe Święto Niepodległości","type":"NF","notes":""}
{"locale":"pl-PL","region":"","date":"2026-12-24","description":"Wigilia","type":"NRF","notes":""}
{"locale":"pl-PL","region":"","date":"2026-12-25","description":"Boże Narodzenie (pierwszy dzień)","type":"NRF","notes":""}
{"locale":"pl-PL","region":"","date":"2026-12-26","description":"Boże Narodzenie (drugi dzień)","type":"NRF","notes":""}
