{"locale":"en-SG","region":"","date":"2012-01-01","description":"New Year's Day","type":"NF","notes":""}
{"locale":"en-SG","region":"","date":"2012-01-02","description":"New Year's Day (in lieu)","type":"NF","notes":""}
{"locale":"en-SG","region":"","date":"2012-01-23","description":"Chinese New Year","type":"NRV","notes":""}
{"locale":"en-SG","region":"","date":"2012-01-24","description":"Chinese New Year (Second Day)","type":"NRV","notes":""}
{"locale":"en-SG","region":"","date":"2012-04-06","description":"Good Friday","type":"NRV","notes":""}
{"locale":"en-SG","region":"","date":"2012-05-01","description":"Labour Day","type":"NF","notes":""}
{"locale":"en-SG","region":"","date":"2012-05-05","description":"Vesak Day","type":"NRV","notes":""}
{"locale":"en-SG","region":"","date":"2012-08-09","description":"National Day","type":"NF","notes":""}
{"locale":"en-SG","region":"","date":"2012-08-19","description":"Hari Raya Puasa","type":"NRV","notes":""}
{"locale":"en-SG","region":"","date":"2012-08-20","description":"Hari Raya Puasa (in lieu)","type":"NRV","notes":""}
{"locale":"en-SG","region":"","date":"2012-10-26","description":"Hari Raya Haji","type":"NRV","notes":""}
{"locale":"en-SG","region":"","date":"2012-11-13","description":"Deepavali","type":"NRV","notes":""}
{"locale":"en-SG","region":"","date":"2012-12-25","description":"Christmas Day","type":"NRF","notes":""}
