{"locale":"en-SG","region":"","date":"2016-01-01","description":"New Year's Day","type":"NF","notes":""}
{"locale":"en-SG","region":"","date":"2016-02-08","description":"Chinese New Year","type":"NRV","notes":""}
{"locale":"en-SG","region":"","date":"2016-02-09","description":"Chinese New Year (Second Day)","type":"NRV","notes":""}
{"locale":"en-SG","region":"","date":"2016-03-25","description":"Good Friday","type":"NRV","notes":""}
{"locale":"en-SG","region":"","date":"2016-05-01","description":"Labour Day","type":"NF","notes":""}
{"locale":"en-SG","region":"","date":"2016-05-02","description":"Labour Day (in lieu)","type":"NF","notes":""}
{"locale":"en-SG","region":"","date":"2016-05-21","description":"Vesak Day","type":"NRV","notes":""}
{"locale":"en-SG","region":"","date":"2016-07-06","description":"Hari Raya Puasa","type":"NRV","notes":""}
{"locale":"en-SG","region":"","date":"2016-08-09","description":"National Day","type":"NF","notes":""}
{"locale":"en-SG","region":"","date":"2016-09-12","description":"Hari Raya Haji","type":"NRV","notes":""}
{"locale":"en-SG","region":"","date":"2016-10-29","description":"Deepavali","type":"NRV","notes":""}
{"locale":"en-SG","region":"","date":"2016-12-25","description":"Christmas Day","type":"NRF","notes":""}
{"locale":"en-SG","region":"","date":"2016-12-26","description":"Christmas Day (in lieu)","type":"NRF","notes":""}
