{"locale":"en-SG","region":"","date":"2018-01-01","description":"New Year's Day","type":"NF","notes":""}
{"locale":"en-SG","region":"","date":"2018-02-16","description":"Chinese New Year","type":"NRV","notes":""}
{"locale":"en-SG","region":"","date":"2018-02-17","description":"Chinese New Year (Second Day)","type":"NRV","notes":""}
{"locale":"en-SG","region":"","date":"2018-03-30","description":"Good Friday","type":"NRV","notes":""}
{"locale":"en-SG","region":"","date":"2018-05-01","description":"Labour Day","type":"NF","notes":""}
{"locale":"en-SG","region":"","date":"2018-05-29","description":"Vesak Day","type":"NRV","notes":""}
{"locale":"en-SG","region":"","date":"2018-06-15","description":"Hari Raya Puasa","type":"NRV","notes":""}
{"locale":"en-SG","region":"","date":"2018-08-09","description":"National Day","type":"NF","notes":""}
{"locale":"en-SG","region":"","date":"2018-08-22","description":"Hari Raya Haji","type":"NRV","notes":""}
{"locale":"en-SG","region":"","date":"2018-11-06","description":"Deepavali","type":"NRV","notes":""}
{"locale":"en-SG","region":"","date":"2018-12-25","description":"Christmas Day","type":"NRF","notes":""}
