{"locale":"en-SG","region":"","date":"2019-01-01","description":"New Year's Day","type":"NF","notes":""}
{"locale":"en-SG","region":"","date":"2019-02-05","description":"Chinese New Year","type":"NRV","notes":""}
{"locale":"en-SG","region":"","date":"2019-02-06","description":"Chinese New Year (Second Day)","type":"NRV","notes":""}
{"locale":"en-SG","region":"","date":"2019-04-19","description":"Good Friday","type":"NRV","notes":""}
{"locale":"en-SG","region":"","date":"2019-05-01","description":"Labour Day","type":"NF","notes":""}
{"locale":"en-SG","region":"","date":"2019-05-19","description":"Vesak Day","type":"NRV","notes":""}
{"locale":"en-SG","region":"","date":"2019-05-20","description":"Vesak Day (in lieu)","type":"NRV","notes":""}
{"locale":"en-SG","region":"","date":"2019-06-05","description":"Hari Raya Puasa","type":"NRV","notes":""}
{"locale":"en-SG","region":"","date":"2019-08-09","description":"National Day","type":"NF","notes":""}
{"locale":"en-SG","region":"","date":"2019-08-11","description":"Hari Raya Haji","type":"NRV","notes":""}
{"locale":"en-SG","region":"","date":"2019-08-12","description":"Hari Raya Haji (in lieu)","type":"NRV","notes":""}
{"locale":"en-SG","region":"","date":"2019-10-27","description":"Deepavali","type":"NRV","notes":""}
{"locale":"en-SG","region":"","date":"2019-10-28","description":"Deepavali (in lieu)","type":"NRV","notes":""}
{"locale":"en-SG","region":"","date":"2019-12-25","description":"Christmas Day","type":"NRF","notes":""}
