{"locale":"en-SG","region":"","date":"2020-01-01","description":"New Year's Day","type":"NF","notes":""}
{"locale":"en-SG","region":"","date":"2020-01-25","description":"Chinese New Year","type":"NRV","notes":""}
{"locale":"en-SG","region":"","date":"2020-01-26","description":"Chinese New Year (Second Day)","type":"NRV","notes":""}
{"locale":"en-SG","region":"","date":"2020-01-27","description":"Chinese New Year (in lieu)","type":"NRV","notes":""}
{"locale":"en-SG","region":"","date":"2020-04-10","description":"Good Friday","type":"NRV","notes":""}
{"locale":"en-SG","region":"","date":"2020-05-01","description":"Labour Day","type":"NF","notes":""}
{"locale":"en-SG","region":"","date":"2020-05-07","description":"Vesak Day","type":"NRV","notes":""}
{"locale":"en-SG","region":"","date":"2020-05-24","description":"Hari Raya Puasa","type":"NRV","notes":""}
{"locale":"en-SG","region":"","date":"2020-05-25","description":"Hari Raya Puasa (in lieu)","type":"NRV","notes":""}
{"locale":"en-SG","region":"","date":"2020-07-10","description":"General Election","type":"NF","notes":""}
{"locale":"en-SG","region":"","date":"2020-07-31","description":"Hari Raya Haji","type":"NRV","notes":""}
{"locale":"en-SG","region":"","date":"2020-08-09","description":"National Day","type":"NF","notes":""}
{"locale":"en-SG","region":"","date":"2020-08-10","description":"National Day (in lieu)","type":"NF","notes":""}
{"locale":"en-SG","region":"","date":"2020-11-14","description":"Deepavali","type":"NRV","notes":""}
{"locale":"en-SG","region":"","date":"2020-12-25","description":"Christmas Day","type":"NRF","notes":""}
