{"locale":"en-SG","region":"","date":"2024-01-01","description":"New Year's Day","type":"NF","notes":""}
{"locale":"en-SG","region":"","date":"2024-02-10","description":"Chinese New Year","type":"NRV","notes":""}
{"locale":"en-SG","region":"","date":"2024-02-11","description":"Chinese New Year (Second Day)","type":"NRV","notes":""}
{"locale":"en-SG","region":"","date":"2024-02-12","description":"Chinese New Year (in lieu)","type":"NRV","notes":""}
{"locale":"en-SG","region":"","date":"2024-03-29","description":"Good Friday","type":"NRV","notes":""}
{"locale":"en-SG","region":"","date":"2024-04-10","description":"Hari Raya Puasa","type":"NRV","notes":""}
{"locale":"en-SG","region":"","date":"2024-05-01","description":"Labour Day","type":"NF","notes":""}
{"locale":"en-SG","region":"","date":"2024-05-22","description":"Vesak Day","type":"NRV","notes":""}
{"locale":"en-SG","region":"","date":"2024-06-17","description":"Hari Raya Haji","type":"NRV","notes":""}
{"locale":"en-SG","region":"","date":"2024-08-09","description":"National Day","type":"NF","notes":""}
{"locale":"en-SG","region":"","date":"2024-10-31","description":"Deepavali","type":"NRV","notes":""}
{"locale":"en-SG","region":"","date":"2024-12-25","description":"Christmas Day","type":"NRF","notes":""}
